20141121_104608 (2).JPG,EMHU297247
20141121_104608 (3).JPG,EMHU831462
20141121_104608.JPG,EMHU650540
20141121_104624 (2).JPG,EMHU297247
20141121_104624.JPG,EMHU831462
20141121_104634 (2).JPG,EMHU238210
20141121_104634.JPG,EMHU297247
20141121_104645 (2).JPG,EMHU649294
20141121_104645.JPG,EMHU238210
20141121_104707 (2).JPG,JBHU254507
20141121_104707.JPG,EMHU649294
20141121_104725 (2).JPG,UPHU201139
20141121_104725.JPG,JBHU254507
20141121_104741 (2).JPG,JBHU247282
20141121_104741 (3).JPG,EMHU261892
20141121_104741.JPG,JBHU276462
20141121_104754 (2).JPG,HGIU645171
20141121_104754.JPG,JBHU247282
20141121_104804 (2).JPG,JBHU284382
20141121_104804.JPG,HGIU645171
20141121_104814 (2).JPG,EMHU652003
20141121_104814 (3).JPG,JBHU259124
20141121_104814.JPG,JBHU284382
20141121_104824 (2).JPG,HGIU639919
20141121_104824 (3).JPG,JBHU283561
20141121_104824.JPG,EMHU652003
20141121_104836 (2).JPG,EMHU296156
20141121_104836 (3).JPG,OVZZ360334
20141121_104836.JPG,HGIU639919
20141121_104849 (2).JPG,EMHU636531
20141121_104849 (3).JPG,EMHU242849
20141121_104849.JPG,EMHU296156
20141121_104905 (2).JPG,JBHU285484
20141121_104905.JPG,EMHU642947
20141121_104930 (2).JPG,EMHU296180
20141121_104930 (3).JPG,EMHU245523
20141121_104930.JPG,JBHU256769
20141121_104943 (2).JPG,EMHU660683
20141121_104943 (3).JPG,JBHU232727
20141121_104943.JPG,JBHU264459
20141121_105003 (2).JPG,JBHU277422
20141121_105003 (3).JPG,EMHU264999
20141121_105003.JPG,EMHU660683
20141121_105017 (2).JPG,EMHU639852
20141121_105017 (3).JPG,JBHU290374
20141121_105017.JPG,UPHU200721
20141121_105035 (2).JPG,EMHU648895
20141121_105035 (3).JPG,JBHU224382
20141121_105035.JPG,EMHU639852
20141121_105048 (2).JPG,HGIU649907
20141121_105048.JPG,EMHU640707
20141121_105059 (2).JPG,JBHU219992
20141121_105059 (3).JPG,JBHU282433
20141121_105059.JPG,JBHU237913
20141121_105115 (2).JPG,JBHU222838
20141121_105115 (3).JPG,JBHU240758
20141121_105115.JPG,JBHU219992
20141121_105126 (2).JPG,HGIU638699
20141121_105126 (3).JPG,JBHU257300
20141121_105126.JPG,JBHU223534
20141121_105140 (2).JPG,CREU533474
20141121_105140 (3).JPG,HGIU638699
20141121_105140.JPG,JBHU257300
20141121_105151 (2).JPG,HGIU637641
20141121_105151 (3).JPG,CREU533474
20141121_105151.JPG,HGIU638699
20141121_105201 (2).JPG,JBHU255657
20141121_105201.JPG,HGIU637641
